model,accuracy,precision,recall,f1
KNN (k=7),0.75,0.7962962962962963,0.7543859649122807,0.7747747747747747
Decision Tree (max_depth=5),0.66,0.7017543859649122,0.7017543859649122,0.7017543859649122
